{
"bones": [
	{ "name": "root" },
	{ "name": "center", "parent": "root", "x": 5.46, "y": 152.59 },
	{ "name": "head", "parent": "center", "length": 121.04, "x": -2.69, "y": 39, "rotation": 89.1 },
	{ "name": "lArm", "parent": "center", "length": 124.01, "x": 41.69, "y": 17.48, "rotation": 53.49 },
	{ "name": "lLeg", "parent": "center", "length": 117.33, "x": 30.93, "y": -37.65, "rotation": -64.9 },
	{ "name": "rArm", "parent": "center", "length": 123.69, "x": -39, "y": 12.1, "rotation": 133.13 },
	{ "name": "rLeg", "parent": "center", "length": 120.33, "x": -33.62, "y": -36.31, "rotation": -115.09 },
	{ "name": "tool", "parent": "lArm", "x": 133.61, "y": -13.21 }
],
"slots": [
	{ "name": "greenGuy_bg", "bone": "root" },
	{ "name": "orangeGuyFull", "bone": "root" },
	{ "name": "headSkin", "bone": "head", "attachment": "headSkin" },
	{ "name": "lArmSkin", "bone": "lArm", "attachment": "lArmSkin" },
	{ "name": "lLegSkin", "bone": "lLeg", "attachment": "lLegSkin" },
	{ "name": "rArmSkin", "bone": "rArm", "attachment": "rArmSkin" },
	{ "name": "rLegSkin", "bone": "rLeg", "attachment": "rLegSkin" },
	{ "name": "centerSkin", "bone": "center", "attachment": "centerSkin" },
	{ "name": "tools_arrow", "bone": "tool", "attachment": "tools_arrow" }
],
"skins": {
	"default": {
		"tools_arrow": {
			"tools_arrow": { "rotation": -53.49, "width": 96, "height": 246 },
			"tools_lightning": { "rotation": -53.49, "width": 43, "height": 274 }
		}
	},
	"greenGuy": {
		"centerSkin": {
			"centerSkin": { "name": "greenGuy_center", "width": 51, "height": 51 }
		},
		"headSkin": {
			"headSkin": { "name": "greenGuy_head", "x": 63.2, "y": 0.98, "rotation": -89.1, "width": 31, "height": 129 }
		},
		"lArmSkin": {
			"lArmSkin": { "name": "greenGuy_larm", "x": 62.68, "y": 1.21, "rotation": -53.49, "width": 106, "height": 121 }
		},
		"lLegSkin": {
			"lLegSkin": { "name": "greenGuy_lleg", "x": 54.77, "y": -0.39, "rotation": 64.9, "width": 81, "height": 132 }
		},
		"rArmSkin": {
			"rArmSkin": { "name": "greenGuy_rarm", "x": 65.68, "y": -0.72, "rotation": -133.13, "width": 113, "height": 115 }
		},
		"rLegSkin": {
			"rLegSkin": { "name": "greenGuy_rleg", "x": 56.55, "y": -0.28, "rotation": 115.09, "width": 84, "height": 130 }
		}
	},
	"orangeGuy": {
		"centerSkin": {
			"centerSkin": { "name": "orangeGuy_center", "width": 51, "height": 51 }
		},
		"headSkin": {
			"headSkin": { "name": "orangeGuy_head", "x": 63.21, "rotation": -90, "width": 31, "height": 129 }
		},
		"lArmSkin": {
			"lArmSkin": { "name": "orangeGuy_larm", "x": 62.4, "y": -0.66, "rotation": -53.49, "width": 106, "height": 121 }
		},
		"lLegSkin": {
			"lLegSkin": { "name": "orangeGuy_lleg", "x": 57.2, "y": -1.53, "rotation": 64.9, "width": 81, "height": 132 }
		},
		"rArmSkin": {
			"rArmSkin": { "name": "orangeGuy_rarm", "x": 66.66, "y": -1.64, "rotation": -133.13, "width": 113, "height": 115 }
		},
		"rLegSkin": {
			"rLegSkin": { "name": "orangeGuy_rleg", "x": 54.76, "y": 0.36, "rotation": 115.09, "width": 84, "height": 130 }
		}
	}
},
"animations": {
	"falling": {
		"bones": {
			"center": {
				"rotate": [
					{ "time": 0, "angle": 0 }
				],
				"translate": [
					{ "time": 0, "x": 0, "y": 0 },
					{ "time": 0.3333, "x": 8.74, "y": 61.86 },
					{ "time": 0.6666, "x": 14.79, "y": -59.18 }
				],
				"scale": [
					{ "time": 0, "x": 1, "y": 1 }
				]
			},
			"head": {
				"rotate": [
					{ "time": 0, "angle": -18.07 },
					{ "time": 0.6666, "angle": -69.78 }
				],
				"translate": [
					{ "time": 0, "x": 0, "y": 0 }
				],
				"scale": [
					{ "time": 0, "x": 1, "y": 1 }
				]
			},
			"lArm": {
				"rotate": [
					{ "time": 0, "angle": -31.98, "curve": "stepped" },
					{ "time": 0.3333, "angle": -31.98 },
					{ "time": 0.6666, "angle": -82.59 }
				],
				"translate": [
					{ "time": 0, "x": 0, "y": 0, "curve": "stepped" },
					{ "time": 0.3333, "x": 0, "y": 0 }
				],
				"scale": [
					{ "time": 0, "x": 1, "y": 1, "curve": "stepped" },
					{ "time": 0.3333, "x": 1, "y": 1 }
				]
			},
			"lLeg": {
				"rotate": [
					{ "time": 0, "angle": 5.89 },
					{ "time": 0.6666, "angle": -98.54 }
				],
				"translate": [
					{ "time": 0, "x": 0, "y": 0 }
				],
				"scale": [
					{ "time": 0, "x": 1, "y": 1 }
				]
			},
			"rArm": {
				"rotate": [
					{ "time": 0, "angle": 19.16 },
					{ "time": 0.3333, "angle": 36.08 },
					{ "time": 0.6666, "angle": -311.72 }
				],
				"translate": [
					{ "time": 0, "x": 0, "y": 0, "curve": "stepped" },
					{ "time": 0.6666, "x": 0, "y": 0 }
				],
				"scale": [
					{ "time": 0, "x": 1, "y": 1, "curve": "stepped" },
					{ "time": 0.6666, "x": 1, "y": 1 }
				]
			},
			"rLeg": {
				"rotate": [
					{ "time": 0, "angle": -9.82 },
					{ "time": 0.6666, "angle": 294.31 }
				],
				"translate": [
					{ "time": 0, "x": 0, "y": 0 }
				],
				"scale": [
					{ "time": 0, "x": 1, "y": 1 }
				]
			},
			"tool": {
				"rotate": [
					{ "time": 0, "angle": 0 }
				],
				"translate": [
					{ "time": 0, "x": 0, "y": 0 }
				],
				"scale": [
					{ "time": 0, "x": 1, "y": 1 }
				]
			}
		}
	},
	"jumping": {
		"bones": {
			"center": {
				"rotate": [
					{ "time": 0, "angle": 0, "curve": "stepped" },
					{ "time": 0.3333, "angle": 0, "curve": "stepped" },
					{ "time": 0.6666, "angle": 0 }
				],
				"translate": [
					{ "time": 0, "x": 0, "y": 64.56 },
					{ "time": 0.3333, "x": 1.34, "y": 5.37 },
					{ "time": 0.6666, "x": 0, "y": 64.56 }
				],
				"scale": [
					{ "time": 0, "x": 1, "y": 1, "curve": "stepped" },
					{ "time": 0.3333, "x": 1, "y": 1, "curve": "stepped" },
					{ "time": 0.6666, "x": 1, "y": 1 }
				]
			},
			"head": {
				"rotate": [
					{ "time": 0, "angle": 0 },
					{ "time": 0.3333, "angle": 10.78 },
					{ "time": 0.6666, "angle": 0 }
				],
				"translate": [
					{ "time": 0, "x": 0, "y": 0, "curve": "stepped" },
					{ "time": 0.3333, "x": 0, "y": 0, "curve": "stepped" },
					{ "time": 0.6666, "x": 0, "y": 0 }
				],
				"scale": [
					{ "time": 0, "x": 1, "y": 1, "curve": "stepped" },
					{ "time": 0.3333, "x": 1, "y": 1, "curve": "stepped" },
					{ "time": 0.6666, "x": 1, "y": 1 }
				]
			},
			"lArm": {
				"rotate": [
					{ "time": 0, "angle": -99.71 },
					{ "time": 0.3333, "angle": 3 },
					{ "time": 0.6666, "angle": -99.71 }
				],
				"translate": [
					{ "time": 0, "x": 0, "y": 0, "curve": "stepped" },
					{ "time": 0.3333, "x": 0, "y": 0, "curve": "stepped" },
					{ "time": 0.6666, "x": 0, "y": 0 }
				],
				"scale": [
					{ "time": 0, "x": 1, "y": 1, "curve": "stepped" },
					{ "time": 0.3333, "x": 1, "y": 1, "curve": "stepped" },
					{ "time": 0.6666, "x": 1, "y": 1 }
				]
			},
			"lLeg": {
				"rotate": [
					{ "time": 0, "angle": 3.49 },
					{ "time": 0.3333, "angle": -22.67 },
					{ "time": 0.6666, "angle": 3.49 }
				],
				"translate": [
					{ "time": 0, "x": 0, "y": 0, "curve": "stepped" },
					{ "time": 0.3333, "x": 0, "y": 0, "curve": "stepped" },
					{ "time": 0.6666, "x": 0, "y": 0 }
				],
				"scale": [
					{ "time": 0, "x": 1, "y": 1, "curve": "stepped" },
					{ "time": 0.3333, "x": 1, "y": 1, "curve": "stepped" },
					{ "time": 0.6666, "x": 1, "y": 1 }
				]
			},
			"rArm": {
				"rotate": [
					{ "time": 0, "angle": -257.66 },
					{ "time": 0.3333, "angle": -16.12 },
					{ "time": 0.6666, "angle": -257.66 }
				],
				"translate": [
					{ "time": 0, "x": 0, "y": 0, "curve": "stepped" },
					{ "time": 0.3333, "x": 0, "y": 0, "curve": "stepped" },
					{ "time": 0.6666, "x": 0, "y": 0 }
				],
				"scale": [
					{ "time": 0, "x": 1, "y": 1, "curve": "stepped" },
					{ "time": 0.3333, "x": 1, "y": 1, "curve": "stepped" },
					{ "time": 0.6666, "x": 1, "y": 1 }
				]
			},
			"rLeg": {
				"rotate": [
					{ "time": 0, "angle": -5.07 },
					{ "time": 0.3333, "angle": 25.91 },
					{ "time": 0.6666, "angle": -5.07 }
				],
				"translate": [
					{ "time": 0, "x": 0, "y": 0, "curve": "stepped" },
					{ "time": 0.3333, "x": 0, "y": 0, "curve": "stepped" },
					{ "time": 0.6666, "x": 0, "y": 0 }
				],
				"scale": [
					{ "time": 0, "x": 1, "y": 1, "curve": "stepped" },
					{ "time": 0.3333, "x": 1, "y": 1, "curve": "stepped" },
					{ "time": 0.6666, "x": 1, "y": 1 }
				]
			},
			"tool": {
				"rotate": [
					{ "time": 0, "angle": 0, "curve": "stepped" },
					{ "time": 0.3333, "angle": 0, "curve": "stepped" },
					{ "time": 0.6666, "angle": 0 }
				],
				"translate": [
					{ "time": 0, "x": 0, "y": 0, "curve": "stepped" },
					{ "time": 0.3333, "x": 0, "y": 0, "curve": "stepped" },
					{ "time": 0.6666, "x": 0, "y": 0 }
				],
				"scale": [
					{ "time": 0, "x": 1, "y": 1, "curve": "stepped" },
					{ "time": 0.3333, "x": 1, "y": 1, "curve": "stepped" },
					{ "time": 0.6666, "x": 1, "y": 1 }
				]
			}
		}
	},
	"walking": {
		"bones": {
			"center": {
				"rotate": [
					{ "time": 0, "angle": 0, "curve": "stepped" },
					{ "time": 0.1666, "angle": 0, "curve": "stepped" },
					{ "time": 0.3333, "angle": 0, "curve": "stepped" },
					{ "time": 0.5, "angle": 0, "curve": "stepped" },
					{ "time": 0.6666, "angle": 0 }
				],
				"translate": [
					{ "time": 0, "x": 0, "y": 0 },
					{ "time": 0.1666, "x": -1.34, "y": 16.13 },
					{ "time": 0.3333, "x": 1.34, "y": -21.52 },
					{ "time": 0.5, "x": 2.68, "y": 9.41 },
					{ "time": 0.6666, "x": 0, "y": 0 }
				],
				"scale": [
					{ "time": 0, "x": 1, "y": 1, "curve": "stepped" },
					{ "time": 0.1666, "x": 1, "y": 1, "curve": "stepped" },
					{ "time": 0.3333, "x": 1, "y": 1, "curve": "stepped" },
					{ "time": 0.5, "x": 1, "y": 1, "curve": "stepped" },
					{ "time": 0.6666, "x": 1, "y": 1 }
				]
			},
			"head": {
				"rotate": [
					{ "time": 0, "angle": 0 },
					{ "time": 0.1666, "angle": -9.23 },
					{ "time": 0.3333, "angle": 13.11 },
					{ "time": 0.5, "angle": 10.68 },
					{ "time": 0.6666, "angle": 0 }
				],
				"translate": [
					{ "time": 0, "x": 0, "y": 0, "curve": "stepped" },
					{ "time": 0.1666, "x": 0, "y": 0, "curve": "stepped" },
					{ "time": 0.3333, "x": 0, "y": 0, "curve": "stepped" },
					{ "time": 0.5, "x": 0, "y": 0, "curve": "stepped" },
					{ "time": 0.6666, "x": 0, "y": 0 }
				],
				"scale": [
					{ "time": 0, "x": 1, "y": 1, "curve": "stepped" },
					{ "time": 0.1666, "x": 1, "y": 1, "curve": "stepped" },
					{ "time": 0.3333, "x": 1, "y": 1, "curve": "stepped" },
					{ "time": 0.5, "x": 1, "y": 1, "curve": "stepped" },
					{ "time": 0.6666, "x": 1, "y": 1 }
				]
			},
			"lArm": {
				"rotate": [
					{ "time": 0, "angle": 0 },
					{ "time": 0.1666, "angle": -46.22 },
					{ "time": 0.3333, "angle": -80.05 },
					{ "time": 0.5, "angle": -37.35 },
					{ "time": 0.6666, "angle": 0 }
				],
				"translate": [
					{ "time": 0, "x": 0, "y": 0, "curve": "stepped" },
					{ "time": 0.1666, "x": 0, "y": 0, "curve": "stepped" },
					{ "time": 0.3333, "x": 0, "y": 0, "curve": "stepped" },
					{ "time": 0.5, "x": 0, "y": 0, "curve": "stepped" },
					{ "time": 0.6666, "x": 0, "y": 0 }
				],
				"scale": [
					{ "time": 0, "x": 1, "y": 1, "curve": "stepped" },
					{ "time": 0.1666, "x": 1, "y": 1, "curve": "stepped" },
					{ "time": 0.3333, "x": 1, "y": 1, "curve": "stepped" },
					{ "time": 0.5, "x": 1, "y": 1, "curve": "stepped" },
					{ "time": 0.6666, "x": 1, "y": 1 }
				]
			},
			"lLeg": {
				"rotate": [
					{ "time": 0, "angle": 0 },
					{ "time": 0.1666, "angle": -28.41 },
					{ "time": 0.3333, "angle": -77.08 },
					{ "time": 0.5, "angle": -27.95 },
					{ "time": 0.6666, "angle": 0 }
				],
				"translate": [
					{ "time": 0, "x": 0, "y": 0, "curve": "stepped" },
					{ "time": 0.1666, "x": 0, "y": 0, "curve": "stepped" },
					{ "time": 0.3333, "x": 0, "y": 0, "curve": "stepped" },
					{ "time": 0.5, "x": 0, "y": 0, "curve": "stepped" },
					{ "time": 0.6666, "x": 0, "y": 0 }
				],
				"scale": [
					{ "time": 0, "x": 1, "y": 1, "curve": "stepped" },
					{ "time": 0.1666, "x": 1, "y": 1, "curve": "stepped" },
					{ "time": 0.3333, "x": 1, "y": 1, "curve": "stepped" },
					{ "time": 0.5, "x": 1, "y": 1, "curve": "stepped" },
					{ "time": 0.6666, "x": 1, "y": 1 }
				]
			},
			"rArm": {
				"rotate": [
					{ "time": 0, "angle": 0 },
					{ "time": 0.1666, "angle": 30.17 },
					{ "time": 0.3333, "angle": -276.2 },
					{ "time": 0.5, "angle": -304.34 },
					{ "time": 0.6666, "angle": 0 }
				],
				"translate": [
					{ "time": 0, "x": 0, "y": 0, "curve": "stepped" },
					{ "time": 0.1666, "x": 0, "y": 0, "curve": "stepped" },
					{ "time": 0.3333, "x": 0, "y": 0, "curve": "stepped" },
					{ "time": 0.5, "x": 0, "y": 0, "curve": "stepped" },
					{ "time": 0.6666, "x": 0, "y": 0 }
				],
				"scale": [
					{ "time": 0, "x": 1, "y": 1, "curve": "stepped" },
					{ "time": 0.1666, "x": 1, "y": 1, "curve": "stepped" },
					{ "time": 0.3333, "x": 1, "y": 1, "curve": "stepped" },
					{ "time": 0.5, "x": 1, "y": 1, "curve": "stepped" },
					{ "time": 0.6666, "x": 1, "y": 1 }
				]
			},
			"rLeg": {
				"rotate": [
					{ "time": 0, "angle": 0 },
					{ "time": 0.1666, "angle": 26.48 },
					{ "time": 0.3333, "angle": 80.93 },
					{ "time": 0.5, "angle": 20 },
					{ "time": 0.6666, "angle": 0 }
				],
				"translate": [
					{ "time": 0, "x": 0, "y": 0, "curve": "stepped" },
					{ "time": 0.1666, "x": 0, "y": 0, "curve": "stepped" },
					{ "time": 0.3333, "x": 0, "y": 0, "curve": "stepped" },
					{ "time": 0.5, "x": 0, "y": 0, "curve": "stepped" },
					{ "time": 0.6666, "x": 0, "y": 0 }
				],
				"scale": [
					{ "time": 0, "x": 1, "y": 1, "curve": "stepped" },
					{ "time": 0.1666, "x": 1, "y": 1, "curve": "stepped" },
					{ "time": 0.3333, "x": 1, "y": 1, "curve": "stepped" },
					{ "time": 0.5, "x": 1, "y": 1, "curve": "stepped" },
					{ "time": 0.6666, "x": 1, "y": 1 }
				]
			},
			"tool": {
				"rotate": [
					{ "time": 0, "angle": 0, "curve": "stepped" },
					{ "time": 0.1666, "angle": 0, "curve": "stepped" },
					{ "time": 0.3333, "angle": 0, "curve": "stepped" },
					{ "time": 0.5, "angle": 0, "curve": "stepped" },
					{ "time": 0.6666, "angle": 0 }
				],
				"translate": [
					{ "time": 0, "x": 0, "y": 0, "curve": "stepped" },
					{ "time": 0.1666, "x": 0, "y": 0, "curve": "stepped" },
					{ "time": 0.3333, "x": 0, "y": 0, "curve": "stepped" },
					{ "time": 0.5, "x": 0, "y": 0, "curve": "stepped" },
					{ "time": 0.6666, "x": 0, "y": 0 }
				],
				"scale": [
					{ "time": 0, "x": 1, "y": 1, "curve": "stepped" },
					{ "time": 0.1666, "x": 1, "y": 1, "curve": "stepped" },
					{ "time": 0.3333, "x": 1, "y": 1, "curve": "stepped" },
					{ "time": 0.5, "x": 1, "y": 1, "curve": "stepped" },
					{ "time": 0.6666, "x": 1, "y": 1 }
				]
			}
		}
	}
}
}